predictor,concept,target,orientation,coverage,n_kept,accuracy,error_recall_abstained
top1_top2_margin,rank_gap,top1_correct,-1,1.0,5364,0.818,0.0
top1_top2_margin,rank_gap,top1_correct,-1,0.9,4828,0.8409,0.2131
top1_top2_margin,rank_gap,top1_correct,-1,0.8,4291,0.8448,0.3176
top1_top2_margin,rank_gap,top1_correct,-1,0.7,3755,0.8429,0.3955
top1_top2_margin,rank_gap,top1_correct,-1,0.6,3218,0.8521,0.5123
top1_top2_margin,rank_gap,top1_correct,-1,0.5,2682,0.8576,0.6086
top1_top2_margin,rank_gap,top1_correct,-1,0.4,2146,0.8611,0.6947
top1_top2_margin,rank_gap,top1_correct,-1,0.3,1609,0.8757,0.7951
top1_top2_margin,rank_gap,top1_correct,-1,0.2,1073,0.8723,0.8596
vote_entropy,support_dispersion,top1_correct,1,1.0,5364,0.818,0.0
vote_entropy,support_dispersion,top1_correct,1,0.9,4828,0.8339,0.1783
vote_entropy,support_dispersion,top1_correct,1,0.8,4291,0.8469,0.3268
vote_entropy,support_dispersion,top1_correct,1,0.7,3755,0.861,0.4652
vote_entropy,support_dispersion,top1_correct,1,0.6,3218,0.8819,0.6107
vote_entropy,support_dispersion,top1_correct,1,0.5,2682,0.8881,0.6926
vote_entropy,support_dispersion,top1_correct,1,0.4,2146,0.891,0.7602
vote_entropy,support_dispersion,top1_correct,1,0.3,1609,0.8832,0.8074
vote_entropy,support_dispersion,top1_correct,1,0.2,1073,0.8602,0.8463
effective_support,manifold_support,top1_correct,1,1.0,5364,0.818,0.0
effective_support,manifold_support,top1_correct,1,0.9,4828,0.8339,0.1783
effective_support,manifold_support,top1_correct,1,0.8,4291,0.8469,0.3268
effective_support,manifold_support,top1_correct,1,0.7,3755,0.861,0.4652
effective_support,manifold_support,top1_correct,1,0.6,3218,0.8819,0.6107
effective_support,manifold_support,top1_correct,1,0.5,2682,0.8881,0.6926
effective_support,manifold_support,top1_correct,1,0.4,2146,0.891,0.7602
effective_support,manifold_support,top1_correct,1,0.3,1609,0.8832,0.8074
effective_support,manifold_support,top1_correct,1,0.2,1073,0.8602,0.8463
max_vote_weight,peak_mass,top1_correct,-1,1.0,5364,0.818,0.0
max_vote_weight,peak_mass,top1_correct,-1,0.9,4828,0.8343,0.1803
max_vote_weight,peak_mass,top1_correct,-1,0.8,4291,0.8515,0.3473
max_vote_weight,peak_mass,top1_correct,-1,0.7,3755,0.8687,0.4949
max_vote_weight,peak_mass,top1_correct,-1,0.6,3218,0.8738,0.584
max_vote_weight,peak_mass,top1_correct,-1,0.5,2682,0.8747,0.6557
max_vote_weight,peak_mass,top1_correct,-1,0.4,2146,0.8751,0.7254
max_vote_weight,peak_mass,top1_correct,-1,0.3,1609,0.8769,0.7971
max_vote_weight,peak_mass,top1_correct,-1,0.2,1073,0.8826,0.8709
n_surviving_votes,support_breadth,top1_correct,1,1.0,5364,0.818,0.0
n_surviving_votes,support_breadth,top1_correct,1,0.9,4828,0.8343,0.1803
n_surviving_votes,support_breadth,top1_correct,1,0.8,4291,0.8457,0.3217
n_surviving_votes,support_breadth,top1_correct,1,0.7,3755,0.8567,0.4488
n_surviving_votes,support_breadth,top1_correct,1,0.6,3218,0.8738,0.584
n_surviving_votes,support_breadth,top1_correct,1,0.5,2682,0.8822,0.6762
n_surviving_votes,support_breadth,top1_correct,1,0.4,2146,0.897,0.7736
n_surviving_votes,support_breadth,top1_correct,1,0.3,1609,0.8993,0.834
n_surviving_votes,support_breadth,top1_correct,1,0.2,1073,0.8872,0.876
sim_floor_active,floor_level,top1_correct,1,1.0,5364,0.818,0.0
sim_floor_active,floor_level,top1_correct,1,0.9,4828,0.837,0.1936
sim_floor_active,floor_level,top1_correct,1,0.8,4291,0.8576,0.374
sim_floor_active,floor_level,top1_correct,1,0.7,3755,0.8759,0.5225
sim_floor_active,floor_level,top1_correct,1,0.6,3218,0.8922,0.6445
sim_floor_active,floor_level,top1_correct,1,0.5,2682,0.9072,0.7449
sim_floor_active,floor_level,top1_correct,1,0.4,2146,0.9259,0.8371
sim_floor_active,floor_level,top1_correct,1,0.3,1609,0.9397,0.9006
sim_floor_active,floor_level,top1_correct,1,0.2,1073,0.9525,0.9477
top1_top2_margin,rank_gap,vote_correct,-1,1.0,5364,0.8743,0.0
top1_top2_margin,rank_gap,vote_correct,-1,0.9,4828,0.9035,0.3086
top1_top2_margin,rank_gap,vote_correct,-1,0.8,4291,0.9138,0.451
top1_top2_margin,rank_gap,vote_correct,-1,0.7,3755,0.9148,0.5252
top1_top2_margin,rank_gap,vote_correct,-1,0.6,3218,0.9242,0.638
top1_top2_margin,rank_gap,vote_correct,-1,0.5,2682,0.9366,0.7478
top1_top2_margin,rank_gap,vote_correct,-1,0.4,2146,0.9413,0.8131
top1_top2_margin,rank_gap,vote_correct,-1,0.3,1609,0.9515,0.8843
top1_top2_margin,rank_gap,vote_correct,-1,0.2,1073,0.9525,0.9243
vote_entropy,support_dispersion,vote_correct,1,1.0,5364,0.8743,0.0
vote_entropy,support_dispersion,vote_correct,1,0.9,4828,0.8964,0.2582
vote_entropy,support_dispersion,vote_correct,1,0.8,4291,0.9154,0.4614
vote_entropy,support_dispersion,vote_correct,1,0.7,3755,0.9387,0.6588
vote_entropy,support_dispersion,vote_correct,1,0.6,3218,0.9553,0.7864
vote_entropy,support_dispersion,vote_correct,1,0.5,2682,0.962,0.8487
vote_entropy,support_dispersion,vote_correct,1,0.4,2146,0.9655,0.8902
vote_entropy,support_dispersion,vote_correct,1,0.3,1609,0.9677,0.9228
vote_entropy,support_dispersion,vote_correct,1,0.2,1073,0.9646,0.9436
effective_support,manifold_support,vote_correct,1,1.0,5364,0.8743,0.0
effective_support,manifold_support,vote_correct,1,0.9,4828,0.8964,0.2582
effective_support,manifold_support,vote_correct,1,0.8,4291,0.9154,0.4614
effective_support,manifold_support,vote_correct,1,0.7,3755,0.9387,0.6588
effective_support,manifold_support,vote_correct,1,0.6,3218,0.9553,0.7864
effective_support,manifold_support,vote_correct,1,0.5,2682,0.962,0.8487
effective_support,manifold_support,vote_correct,1,0.4,2146,0.9655,0.8902
effective_support,manifold_support,vote_correct,1,0.3,1609,0.9677,0.9228
effective_support,manifold_support,vote_correct,1,0.2,1073,0.9646,0.9436
max_vote_weight,peak_mass,vote_correct,-1,1.0,5364,0.8743,0.0
max_vote_weight,peak_mass,vote_correct,-1,0.9,4828,0.8969,0.2611
max_vote_weight,peak_mass,vote_correct,-1,0.8,4291,0.9219,0.503
max_vote_weight,peak_mass,vote_correct,-1,0.7,3755,0.9454,0.6958
max_vote_weight,peak_mass,vote_correct,-1,0.6,3218,0.9528,0.7745
max_vote_weight,peak_mass,vote_correct,-1,0.5,2682,0.9545,0.819
max_vote_weight,peak_mass,vote_correct,-1,0.4,2146,0.9553,0.8576
max_vote_weight,peak_mass,vote_correct,-1,0.3,1609,0.9664,0.9199
max_vote_weight,peak_mass,vote_correct,-1,0.2,1073,0.9814,0.9703
n_surviving_votes,support_breadth,vote_correct,1,1.0,5364,0.8743,0.0
n_surviving_votes,support_breadth,vote_correct,1,0.9,4828,0.8962,0.2567
n_surviving_votes,support_breadth,vote_correct,1,0.8,4291,0.9126,0.4436
n_surviving_votes,support_breadth,vote_correct,1,0.7,3755,0.9249,0.5816
n_surviving_votes,support_breadth,vote_correct,1,0.6,3218,0.9369,0.6988
n_surviving_votes,support_breadth,vote_correct,1,0.5,2682,0.9478,0.7923
n_surviving_votes,support_breadth,vote_correct,1,0.4,2146,0.9599,0.8724
n_surviving_votes,support_breadth,vote_correct,1,0.3,1609,0.9702,0.9288
n_surviving_votes,support_breadth,vote_correct,1,0.2,1073,0.972,0.9555
sim_floor_active,floor_level,vote_correct,1,1.0,5364,0.8743,0.0
sim_floor_active,floor_level,vote_correct,1,0.9,4828,0.8906,0.2166
sim_floor_active,floor_level,vote_correct,1,0.8,4291,0.9054,0.3976
sim_floor_active,floor_level,vote_correct,1,0.7,3755,0.9182,0.5445
sim_floor_active,floor_level,vote_correct,1,0.6,3218,0.931,0.6706
sim_floor_active,floor_level,vote_correct,1,0.5,2682,0.9389,0.7567
sim_floor_active,floor_level,vote_correct,1,0.4,2146,0.9515,0.8457
sim_floor_active,floor_level,vote_correct,1,0.3,1609,0.9602,0.905
sim_floor_active,floor_level,vote_correct,1,0.2,1073,0.9646,0.9436
