query_id,width,all_witness,led_never_resolving,decision,acted_class_mass,expected_correct
pairC_stale_s1:e0:p14,2,0,0,ACT,"{""2"": 1.0}",0.0
pairC_stale_s1:e0:p44,2,0,0,ACT,"{""0"": 1.0}",1.0
pairC_stale_s1:e0:p48,2,0,0,ACT,"{""2"": 1.0}",0.0
pairC_stale_s1:e0:p60,2,0,0,ACT,"{""2"": 1.0}",0.0
pairC_stale_s1:e6:p3,2,1,0,ACT,"{""3"": 1.0}",1.0
pairC_stale_s1:e6:p4,2,1,0,ACT,"{""3"": 1.0}",1.0
pairC_stale_s1:e6:p5,2,1,0,ACT,"{""3"": 1.0}",1.0
pairC_stale_s1:e6:p6,2,1,0,ACT,"{""3"": 1.0}",1.0
pairC_stale_s1:e6:p7,2,1,0,ACT,"{""3"": 1.0}",1.0
pairC_stale_s1:e6:p9,2,1,0,ACT,"{""3"": 1.0}",1.0
pairC_stale_s1:e6:p10,2,1,0,ACT,"{""3"": 1.0}",1.0
pairC_stale_s1:e6:p13,2,1,0,ACT,"{""3"": 1.0}",1.0
pairC_stale_s1:e6:p14,2,1,0,ACT,"{""3"": 1.0}",1.0
pairC_stale_s1:e6:p15,2,1,0,ACT,"{""3"": 1.0}",1.0
pairC_stale_s1:e6:p16,2,1,0,ACT,"{""3"": 1.0}",1.0
pairC_stale_s1:e6:p18,2,1,0,ACT,"{""3"": 1.0}",1.0
pairC_stale_s1:e6:p19,2,1,0,ACT,"{""3"": 1.0}",1.0
pairC_stale_s1:e6:p21,2,1,0,ACT,"{""3"": 1.0}",1.0
pairC_stale_s1:e6:p22,2,1,0,ACT,"{""3"": 1.0}",1.0
pairC_stale_s1:e6:p23,2,1,0,ACT,"{""3"": 1.0}",1.0
pairC_stale_s1:e6:p24,2,1,0,ACT,"{""3"": 1.0}",1.0
pairC_stale_s1:e6:p26,2,1,0,ACT,"{""3"": 1.0}",1.0
pairC_stale_s1:e6:p27,2,1,0,ACT,"{""3"": 1.0}",1.0
pairC_stale_s1:e6:p28,2,1,0,ACT,"{""3"": 1.0}",1.0
pairC_stale_s1:e6:p29,2,1,0,ACT,"{""3"": 1.0}",1.0
pairC_stale_s1:e6:p31,2,1,0,ACT,"{""3"": 1.0}",1.0
pairC_stale_s1:e6:p32,3,1,0,ACT,"{""2"": 0.5, ""3"": 0.5}",0.5
pairC_stale_s1:e6:p33,2,1,0,ACT,"{""3"": 1.0}",1.0
pairC_stale_s1:e6:p34,2,1,0,ACT,"{""3"": 1.0}",1.0
pairC_stale_s1:e6:p35,2,1,0,ACT,"{""3"": 1.0}",1.0
pairC_stale_s1:e6:p36,2,1,0,ACT,"{""3"": 1.0}",1.0
pairC_stale_s1:e6:p37,2,1,0,ACT,"{""3"": 1.0}",1.0
pairC_stale_s1:e6:p38,2,1,0,ACT,"{""3"": 1.0}",1.0
pairC_stale_s1:e6:p39,2,1,0,ACT,"{""3"": 1.0}",1.0
pairC_stale_s1:e6:p40,2,1,0,ACT,"{""3"": 1.0}",1.0
pairC_stale_s1:e6:p42,2,1,0,ACT,"{""3"": 1.0}",1.0
pairC_stale_s1:e6:p43,2,1,0,ACT,"{""3"": 1.0}",1.0
pairC_stale_s1:e6:p47,2,1,0,ACT,"{""3"": 1.0}",1.0
pairC_stale_s1:e6:p48,2,1,0,ACT,"{""3"": 1.0}",1.0
pairC_stale_s1:e6:p52,2,1,0,ACT,"{""3"": 1.0}",1.0
pairC_stale_s1:e6:p53,2,1,0,ACT,"{""3"": 1.0}",1.0
pairC_stale_s1:e6:p54,2,1,0,ACT,"{""3"": 1.0}",1.0
pairC_stale_s1:e6:p57,2,1,0,ACT,"{""3"": 1.0}",1.0
pairC_stale_s1:e6:p58,2,1,0,ACT,"{""3"": 1.0}",1.0
pairC_stale_s1:e6:p59,2,1,0,ACT,"{""3"": 1.0}",1.0
pairC_stale_s1:e6:p61,2,1,0,ACT,"{""3"": 1.0}",1.0
pairC_stale_s1:e6:p62,2,1,0,ACT,"{""3"": 1.0}",1.0
pairC_stale_s1:e6:p63,2,1,0,ACT,"{""3"": 1.0}",1.0
pairC_stale_s1:e7:p3,2,1,0,ACT,"{""0"": 1.0}",0.0
pairC_stale_s1:e7:p6,2,1,0,ACT,"{""0"": 1.0}",0.0
pairC_stale_s1:e7:p7,2,1,0,ACT,"{""0"": 1.0}",0.0
pairC_stale_s1:e7:p14,2,1,0,ACT,"{""0"": 1.0}",0.0
pairC_stale_s1:e7:p15,2,1,0,ACT,"{""0"": 1.0}",0.0
pairC_stale_s1:e7:p16,2,1,0,ACT,"{""0"": 1.0}",0.0
pairC_stale_s1:e7:p18,2,1,0,ACT,"{""0"": 1.0}",0.0
pairC_stale_s1:e7:p24,2,1,0,ACT,"{""0"": 1.0}",0.0
pairC_stale_s1:e7:p26,2,1,0,ACT,"{""0"": 1.0}",0.0
pairC_stale_s1:e7:p28,2,1,0,ACT,"{""0"": 1.0}",0.0
pairC_stale_s1:e7:p29,2,1,0,ACT,"{""0"": 1.0}",0.0
pairC_stale_s1:e7:p34,2,1,0,ACT,"{""0"": 1.0}",0.0
pairC_stale_s1:e7:p40,2,1,0,ACT,"{""0"": 1.0}",0.0
pairC_stale_s1:e7:p47,2,1,0,ACT,"{""0"": 1.0}",0.0
pairC_stale_s1:e7:p53,2,1,0,ACT,"{""0"": 1.0}",0.0
pairC_stale_s1:e8:p14,2,1,0,ACT,"{""0"": 1.0}",0.0
pairC_stale_s1:e8:p21,2,1,0,ACT,"{""0"": 1.0}",0.0
pairC_stale_s1:e8:p53,2,1,0,ACT,"{""0"": 1.0}",0.0
pairC_stale_s1:e8:p60,2,1,0,ACT,"{""0"": 1.0}",0.0
pairC_stale_s1:e8:p61,2,1,0,ACT,"{""0"": 1.0}",0.0
pairC_stale_s1:e9:p21,2,1,0,ACT,"{""0"": 1.0}",0.0
pairC_stale_s1:e9:p34,2,1,0,ACT,"{""0"": 1.0}",0.0
pairC_stale_s1:e9:p36,2,1,0,ACT,"{""0"": 1.0}",0.0
pairC_stale_s1:e9:p57,2,1,0,ACT,"{""0"": 1.0}",0.0
pairC_stale_s1:e10:p5,2,1,0,ACT,"{""0"": 1.0}",0.0
pairC_stale_s1:e10:p22,2,1,0,ACT,"{""0"": 1.0}",0.0
pairC_stale_s1:e10:p24,2,1,0,ACT,"{""0"": 1.0}",0.0
pairC_stale_s1:e10:p29,2,1,0,ACT,"{""0"": 1.0}",0.0
pairC_stale_s1:e11:p21,2,1,0,ACT,"{""0"": 1.0}",0.0
pairC_stale_s1:e11:p22,2,1,0,ACT,"{""0"": 1.0}",0.0
