phase,domain,axis,value,accuracy,n_prototypes,condensation_ratio,training_time_s,proj_dim,nonlinearity,layers,loss_type,triplet_margin,infonce_temp,ms_alpha,ms_beta,ms_base,lr,epochs,mining_strategy,batch_size
1,aircraft,proj_dim,256,34.6235,3283,0.984703,6.068,256,relu,2,triplet,0.3,0.07,2.0,50.0,0.5,0.001,10,semi-hard,256
1,aircraft,proj_dim,512,46.4146,3264,0.979004,6.045,512,relu,2,triplet,0.3,0.07,2.0,50.0,0.5,0.001,10,semi-hard,256
1,aircraft,proj_dim,1024,31.8032,3289,0.986503,6.401,1024,relu,2,triplet,0.3,0.07,2.0,50.0,0.5,0.001,10,semi-hard,256
1,aircraft,proj_dim,2048,30.9031,3280,0.983803,6.249,2048,relu,2,triplet,0.3,0.07,2.0,50.0,0.5,0.001,10,semi-hard,256
1,aircraft,nonlinearity,relu,41.6742,3262,0.978404,6.082,1024,relu,2,triplet,0.3,0.07,2.0,50.0,0.5,0.001,10,semi-hard,256
1,aircraft,nonlinearity,gelu,45.4245,3259,0.977504,6.301,1024,gelu,2,triplet,0.3,0.07,2.0,50.0,0.5,0.001,10,semi-hard,256
1,aircraft,nonlinearity,silu,33.7834,3283,0.984703,6.062,1024,silu,2,triplet,0.3,0.07,2.0,50.0,0.5,0.001,10,semi-hard,256
1,aircraft,nonlinearity,identity,30.5131,3279,0.983503,5.923,1024,identity,2,triplet,0.3,0.07,2.0,50.0,0.5,0.001,10,semi-hard,256
1,aircraft,layers,1,35.6136,3284,0.985003,5.962,1024,relu,1,triplet,0.3,0.07,2.0,50.0,0.5,0.001,10,semi-hard,256
1,aircraft,layers,2,37.6838,3276,0.982603,6.011,1024,relu,2,triplet,0.3,0.07,2.0,50.0,0.5,0.001,10,semi-hard,256
1,aircraft,layers,3,33.9034,3268,0.980204,6.095,1024,relu,3,triplet,0.3,0.07,2.0,50.0,0.5,0.001,10,semi-hard,256
1,aircraft,layers,4,24.7225,3310,0.992801,6.717,1024,relu,4,triplet,0.3,0.07,2.0,50.0,0.5,0.001,10,semi-hard,256
1,aircraft,loss_type,triplet,39.9640,3267,0.979904,6.259,1024,relu,2,triplet,0.3,0.07,2.0,50.0,0.5,0.001,10,semi-hard,256
1,aircraft,loss_type,infonce,68.0168,3249,0.974505,0.405,1024,relu,2,infonce,0.3,0.07,2.0,50.0,0.5,0.001,10,semi-hard,256
1,aircraft,loss_type,multisim,67.3867,3301,0.990102,8.947,1024,relu,2,multisim,0.3,0.07,2.0,50.0,0.5,0.001,10,semi-hard,256
1,aircraft,triplet_margin,0.1,34.7435,3275,0.982304,6.219,1024,relu,2,triplet,0.1,0.07,2.0,50.0,0.5,0.001,10,semi-hard,256
1,aircraft,triplet_margin,0.2,43.3243,3264,0.979004,6.284,1024,relu,2,triplet,0.2,0.07,2.0,50.0,0.5,0.001,10,semi-hard,256
1,aircraft,triplet_margin,0.3,39.3339,3261,0.978104,6.084,1024,relu,2,triplet,0.3,0.07,2.0,50.0,0.5,0.001,10,semi-hard,256
1,aircraft,triplet_margin,0.5,34.2934,3266,0.979604,6.180,1024,relu,2,triplet,0.5,0.07,2.0,50.0,0.5,0.001,10,semi-hard,256
1,aircraft,triplet_margin,1.0,42.2142,3250,0.974805,6.052,1024,relu,2,triplet,1.0,0.07,2.0,50.0,0.5,0.001,10,semi-hard,256
1,aircraft,infonce_temp,0.01,52.3552,3229,0.968506,0.299,1024,relu,2,infonce,0.3,0.01,2.0,50.0,0.5,0.001,10,semi-hard,256
1,aircraft,infonce_temp,0.05,66.4866,3220,0.965807,0.292,1024,relu,2,infonce,0.3,0.05,2.0,50.0,0.5,0.001,10,semi-hard,256
1,aircraft,infonce_temp,0.07,61.4461,3260,0.977804,0.300,1024,relu,2,infonce,0.3,0.07,2.0,50.0,0.5,0.001,10,semi-hard,256
1,aircraft,infonce_temp,0.1,70.1770,3262,0.978404,0.362,1024,relu,2,infonce,0.3,0.1,2.0,50.0,0.5,0.001,10,semi-hard,256
1,aircraft,infonce_temp,0.2,58.2958,3215,0.964307,0.298,1024,relu,2,infonce,0.3,0.2,2.0,50.0,0.5,0.001,10,semi-hard,256
1,aircraft,lr,0.0001,39.3339,3277,0.982903,6.260,1024,relu,2,triplet,0.3,0.07,2.0,50.0,0.5,0.0001,10,semi-hard,256
1,aircraft,lr,0.0005,37.5638,3278,0.983203,6.136,1024,relu,2,triplet,0.3,0.07,2.0,50.0,0.5,0.0005,10,semi-hard,256
1,aircraft,lr,0.001,42.9343,3265,0.979304,6.254,1024,relu,2,triplet,0.3,0.07,2.0,50.0,0.5,0.001,10,semi-hard,256
1,aircraft,lr,0.005,38.4338,3268,0.980204,6.165,1024,relu,2,triplet,0.3,0.07,2.0,50.0,0.5,0.005,10,semi-hard,256
1,aircraft,epochs,5,40.2040,3264,0.979004,3.243,1024,relu,2,triplet,0.3,0.07,2.0,50.0,0.5,0.001,5,semi-hard,256
1,aircraft,epochs,10,41.0441,3262,0.978404,6.296,1024,relu,2,triplet,0.3,0.07,2.0,50.0,0.5,0.001,10,semi-hard,256
1,aircraft,epochs,20,42.0642,3273,0.981704,12.267,1024,relu,2,triplet,0.3,0.07,2.0,50.0,0.5,0.001,20,semi-hard,256
1,aircraft,epochs,40,28.8629,3293,0.987702,25.289,1024,relu,2,triplet,0.3,0.07,2.0,50.0,0.5,0.001,40,semi-hard,256
1,aircraft,mining_strategy,semi-hard,42.2142,3265,0.979304,6.544,1024,relu,2,triplet,0.3,0.07,2.0,50.0,0.5,0.001,10,semi-hard,256
1,aircraft,mining_strategy,hard,60.7261,3224,0.967007,3.809,1024,relu,2,triplet,0.3,0.07,2.0,50.0,0.5,0.001,10,hard,256
1,aircraft,mining_strategy,all,48.0348,3208,0.962208,42.010,1024,relu,2,triplet,0.3,0.07,2.0,50.0,0.5,0.001,10,all,256
1,aircraft,batch_size,64,33.7534,3287,0.985903,4.309,1024,relu,2,triplet,0.3,0.07,2.0,50.0,0.5,0.001,10,semi-hard,64
1,aircraft,batch_size,128,40.5941,3273,0.981704,5.649,1024,relu,2,triplet,0.3,0.07,2.0,50.0,0.5,0.001,10,semi-hard,128
1,aircraft,batch_size,256,42.7543,3256,0.976605,6.418,1024,relu,2,triplet,0.3,0.07,2.0,50.0,0.5,0.001,10,semi-hard,256
1,aircraft,batch_size,512,40.3840,3270,0.980804,6.451,1024,relu,2,triplet,0.3,0.07,2.0,50.0,0.5,0.001,10,semi-hard,512
1,dogs,proj_dim,256,85.4895,9879,0.823250,21.952,256,relu,2,triplet,0.3,0.07,2.0,50.0,0.5,0.001,10,semi-hard,256
1,dogs,proj_dim,512,85.7925,9875,0.822917,22.972,512,relu,2,triplet,0.3,0.07,2.0,50.0,0.5,0.001,10,semi-hard,256
1,dogs,proj_dim,1024,85.4662,9875,0.822917,22.296,1024,relu,2,triplet,0.3,0.07,2.0,50.0,0.5,0.001,10,semi-hard,256
1,dogs,proj_dim,2048,84.8368,9865,0.822083,22.414,2048,relu,2,triplet,0.3,0.07,2.0,50.0,0.5,0.001,10,semi-hard,256
1,dogs,nonlinearity,relu,85.5245,9856,0.821333,22.628,1024,relu,2,triplet,0.3,0.07,2.0,50.0,0.5,0.001,10,semi-hard,256
1,dogs,nonlinearity,gelu,85.6643,9861,0.821750,22.503,1024,gelu,2,triplet,0.3,0.07,2.0,50.0,0.5,0.001,10,semi-hard,256
1,dogs,nonlinearity,silu,85.1282,9881,0.823417,22.504,1024,silu,2,triplet,0.3,0.07,2.0,50.0,0.5,0.001,10,semi-hard,256
1,dogs,nonlinearity,identity,83.7646,9943,0.828583,22.626,1024,identity,2,triplet,0.3,0.07,2.0,50.0,0.5,0.001,10,semi-hard,256
1,dogs,layers,1,83.5664,10001,0.833417,22.442,1024,relu,1,triplet,0.3,0.07,2.0,50.0,0.5,0.001,10,semi-hard,256
1,dogs,layers,2,85.4312,9859,0.821583,22.577,1024,relu,2,triplet,0.3,0.07,2.0,50.0,0.5,0.001,10,semi-hard,256
1,dogs,layers,3,85.7809,9863,0.821917,22.124,1024,relu,3,triplet,0.3,0.07,2.0,50.0,0.5,0.001,10,semi-hard,256
1,dogs,layers,4,85.4079,9874,0.822833,22.464,1024,relu,4,triplet,0.3,0.07,2.0,50.0,0.5,0.001,10,semi-hard,256
1,dogs,loss_type,triplet,85.7576,9869,0.822417,23.207,1024,relu,2,triplet,0.3,0.07,2.0,50.0,0.5,0.001,10,semi-hard,256
1,dogs,loss_type,infonce,89.4172,11209,0.934083,1.391,1024,relu,2,infonce,0.3,0.07,2.0,50.0,0.5,0.001,10,semi-hard,256
1,dogs,loss_type,multisim,89.7086,10685,0.890417,33.341,1024,relu,2,multisim,0.3,0.07,2.0,50.0,0.5,0.001,10,semi-hard,256
1,dogs,triplet_margin,0.1,84.9184,10612,0.884333,23.280,1024,relu,2,triplet,0.1,0.07,2.0,50.0,0.5,0.001,10,semi-hard,256
1,dogs,triplet_margin,0.2,85.4312,9878,0.823167,22.294,1024,relu,2,triplet,0.2,0.07,2.0,50.0,0.5,0.001,10,semi-hard,256
1,dogs,triplet_margin,0.3,85.7576,9869,0.822417,22.288,1024,relu,2,triplet,0.3,0.07,2.0,50.0,0.5,0.001,10,semi-hard,256
1,dogs,triplet_margin,0.5,85.3147,9873,0.822750,22.526,1024,relu,2,triplet,0.5,0.07,2.0,50.0,0.5,0.001,10,semi-hard,256
1,dogs,triplet_margin,1.0,89.4406,10858,0.904833,22.140,1024,relu,2,triplet,1.0,0.07,2.0,50.0,0.5,0.001,10,semi-hard,256
1,dogs,infonce_temp,0.01,86.8881,9830,0.819167,1.153,1024,relu,2,infonce,0.3,0.01,2.0,50.0,0.5,0.001,10,semi-hard,256
1,dogs,infonce_temp,0.05,89.5455,11275,0.939583,1.277,1024,relu,2,infonce,0.3,0.05,2.0,50.0,0.5,0.001,10,semi-hard,256
1,dogs,infonce_temp,0.07,89.6970,11232,0.936000,1.182,1024,relu,2,infonce,0.3,0.07,2.0,50.0,0.5,0.001,10,semi-hard,256
1,dogs,infonce_temp,0.1,89.1725,10737,0.894750,1.265,1024,relu,2,infonce,0.3,0.1,2.0,50.0,0.5,0.001,10,semi-hard,256
1,dogs,infonce_temp,0.2,84.2424,10001,0.833417,1.189,1024,relu,2,infonce,0.3,0.2,2.0,50.0,0.5,0.001,10,semi-hard,256
1,dogs,lr,0.0001,85.9441,9978,0.831500,22.715,1024,relu,2,triplet,0.3,0.07,2.0,50.0,0.5,0.0001,10,semi-hard,256
1,dogs,lr,0.0005,86.2587,9884,0.823667,22.297,1024,relu,2,triplet,0.3,0.07,2.0,50.0,0.5,0.0005,10,semi-hard,256
1,dogs,lr,0.001,85.8974,9863,0.821917,23.135,1024,relu,2,triplet,0.3,0.07,2.0,50.0,0.5,0.001,10,semi-hard,256
1,dogs,lr,0.005,83.9161,9890,0.824167,22.762,1024,relu,2,triplet,0.3,0.07,2.0,50.0,0.5,0.005,10,semi-hard,256
1,dogs,epochs,5,85.2448,9899,0.824917,11.486,1024,relu,2,triplet,0.3,0.07,2.0,50.0,0.5,0.001,5,semi-hard,256
1,dogs,epochs,10,85.3963,9882,0.823500,22.858,1024,relu,2,triplet,0.3,0.07,2.0,50.0,0.5,0.001,10,semi-hard,256
1,dogs,epochs,20,86.0373,9852,0.821000,44.418,1024,relu,2,triplet,0.3,0.07,2.0,50.0,0.5,0.001,20,semi-hard,256
1,dogs,epochs,40,85.2681,9810,0.817500,88.229,1024,relu,2,triplet,0.3,0.07,2.0,50.0,0.5,0.001,40,semi-hard,256
1,dogs,mining_strategy,semi-hard,85.6643,9874,0.822833,22.387,1024,relu,2,triplet,0.3,0.07,2.0,50.0,0.5,0.001,10,semi-hard,256
1,dogs,mining_strategy,hard,90.1049,11176,0.931333,13.115,1024,relu,2,triplet,0.3,0.07,2.0,50.0,0.5,0.001,10,hard,256
1,dogs,mining_strategy,all,84.4988,10591,0.882583,129.315,1024,relu,2,triplet,0.3,0.07,2.0,50.0,0.5,0.001,10,all,256
1,dogs,batch_size,64,80.5828,9953,0.829417,18.176,1024,relu,2,triplet,0.3,0.07,2.0,50.0,0.5,0.001,10,semi-hard,64
1,dogs,batch_size,128,83.4266,9913,0.826083,19.818,1024,relu,2,triplet,0.3,0.07,2.0,50.0,0.5,0.001,10,semi-hard,128
1,dogs,batch_size,256,85.7692,9873,0.822750,23.560,1024,relu,2,triplet,0.3,0.07,2.0,50.0,0.5,0.001,10,semi-hard,256
1,dogs,batch_size,512,86.9347,9848,0.820667,24.674,1024,relu,2,triplet,0.3,0.07,2.0,50.0,0.5,0.001,10,semi-hard,512
1,birds,proj_dim,256,78.7539,5859,0.977477,9.158,256,relu,2,triplet,0.3,0.07,2.0,50.0,0.5,0.001,10,semi-hard,256
1,birds,proj_dim,512,78.2361,5797,0.967134,9.262,512,relu,2,triplet,0.3,0.07,2.0,50.0,0.5,0.001,10,semi-hard,256
1,birds,proj_dim,1024,78.5986,5734,0.956623,9.954,1024,relu,2,triplet,0.3,0.07,2.0,50.0,0.5,0.001,10,semi-hard,256
1,birds,proj_dim,2048,79.9275,5729,0.955789,10.593,2048,relu,2,triplet,0.3,0.07,2.0,50.0,0.5,0.001,10,semi-hard,256
1,birds,nonlinearity,relu,76.4239,5740,0.957624,9.114,1024,relu,2,triplet,0.3,0.07,2.0,50.0,0.5,0.001,10,semi-hard,256
1,birds,nonlinearity,gelu,77.5630,5805,0.968468,9.432,1024,gelu,2,triplet,0.3,0.07,2.0,50.0,0.5,0.001,10,semi-hard,256
1,birds,nonlinearity,silu,77.2006,5819,0.970804,10.135,1024,silu,2,triplet,0.3,0.07,2.0,50.0,0.5,0.001,10,semi-hard,256
1,birds,nonlinearity,identity,75.3883,5808,0.968969,9.662,1024,identity,2,triplet,0.3,0.07,2.0,50.0,0.5,0.001,10,semi-hard,256
1,birds,layers,1,77.6320,5877,0.980480,9.193,1024,relu,1,triplet,0.3,0.07,2.0,50.0,0.5,0.001,10,semi-hard,256
1,birds,layers,2,77.6493,5736,0.956957,9.535,1024,relu,2,triplet,0.3,0.07,2.0,50.0,0.5,0.001,10,semi-hard,256
1,birds,layers,3,79.4615,5733,0.956456,10.049,1024,relu,3,triplet,0.3,0.07,2.0,50.0,0.5,0.001,10,semi-hard,256
1,birds,layers,4,80.7387,5731,0.956123,9.159,1024,relu,4,triplet,0.3,0.07,2.0,50.0,0.5,0.001,10,semi-hard,256
1,birds,loss_type,triplet,78.0980,5730,0.955956,9.435,1024,relu,2,triplet,0.3,0.07,2.0,50.0,0.5,0.001,10,semi-hard,256
1,birds,loss_type,infonce,89.8343,5926,0.988655,0.638,1024,relu,2,infonce,0.3,0.07,2.0,50.0,0.5,0.001,10,semi-hard,256
1,birds,loss_type,multisim,90.8526,5873,0.979813,13.882,1024,relu,2,multisim,0.3,0.07,2.0,50.0,0.5,0.001,10,semi-hard,256
1,birds,triplet_margin,0.1,79.1163,5775,0.963463,9.944,1024,relu,2,triplet,0.1,0.07,2.0,50.0,0.5,0.001,10,semi-hard,256
1,birds,triplet_margin,0.2,79.1508,5830,0.972639,9.825,1024,relu,2,triplet,0.2,0.07,2.0,50.0,0.5,0.001,10,semi-hard,256
1,birds,triplet_margin,0.3,80.8940,5737,0.957124,9.316,1024,relu,2,triplet,0.3,0.07,2.0,50.0,0.5,0.001,10,semi-hard,256
1,birds,triplet_margin,0.5,78.0117,5734,0.956623,9.636,1024,relu,2,triplet,0.5,0.07,2.0,50.0,0.5,0.001,10,semi-hard,256
1,birds,triplet_margin,1.0,85.5022,5851,0.976143,10.262,1024,relu,2,triplet,1.0,0.07,2.0,50.0,0.5,0.001,10,semi-hard,256
1,birds,infonce_temp,0.01,85.6576,5695,0.950117,0.601,1024,relu,2,infonce,0.3,0.01,2.0,50.0,0.5,0.001,10,semi-hard,256
1,birds,infonce_temp,0.05,89.0922,5912,0.986320,0.751,1024,relu,2,infonce,0.3,0.05,2.0,50.0,0.5,0.001,10,semi-hard,256
1,birds,infonce_temp,0.07,89.7308,5918,0.987321,0.635,1024,relu,2,infonce,0.3,0.07,2.0,50.0,0.5,0.001,10,semi-hard,256
1,birds,infonce_temp,0.1,90.1105,5880,0.980981,0.572,1024,relu,2,infonce,0.3,0.1,2.0,50.0,0.5,0.001,10,semi-hard,256
1,birds,infonce_temp,0.2,82.6372,5728,0.955622,0.554,1024,relu,2,infonce,0.3,0.2,2.0,50.0,0.5,0.001,10,semi-hard,256
1,birds,lr,0.0001,80.3245,5954,0.993327,10.098,1024,relu,2,triplet,0.3,0.07,2.0,50.0,0.5,0.0001,10,semi-hard,256
1,birds,lr,0.0005,78.5123,5764,0.961628,9.617,1024,relu,2,triplet,0.3,0.07,2.0,50.0,0.5,0.0005,10,semi-hard,256
1,birds,lr,0.001,75.4574,5810,0.969303,9.934,1024,relu,2,triplet,0.3,0.07,2.0,50.0,0.5,0.001,10,semi-hard,256
1,birds,lr,0.005,74.3528,5745,0.958458,9.457,1024,relu,2,triplet,0.3,0.07,2.0,50.0,0.5,0.005,10,semi-hard,256
1,birds,epochs,5,78.0290,5726,0.955289,5.191,1024,relu,2,triplet,0.3,0.07,2.0,50.0,0.5,0.001,5,semi-hard,256
1,birds,epochs,10,77.7874,5755,0.960127,9.545,1024,relu,2,triplet,0.3,0.07,2.0,50.0,0.5,0.001,10,semi-hard,256
1,birds,epochs,20,79.7722,5727,0.955455,18.343,1024,relu,2,triplet,0.3,0.07,2.0,50.0,0.5,0.001,20,semi-hard,256
1,birds,epochs,40,77.5630,5724,0.954955,35.818,1024,relu,2,triplet,0.3,0.07,2.0,50.0,0.5,0.001,40,semi-hard,256
1,birds,mining_strategy,semi-hard,78.4950,5741,0.957791,9.217,1024,relu,2,triplet,0.3,0.07,2.0,50.0,0.5,0.001,10,semi-hard,256
1,birds,mining_strategy,hard,90.7491,5914,0.986653,5.778,1024,relu,2,triplet,0.3,0.07,2.0,50.0,0.5,0.001,10,hard,256
1,birds,mining_strategy,all,83.1377,5828,0.972306,38.789,1024,relu,2,triplet,0.3,0.07,2.0,50.0,0.5,0.001,10,all,256
1,birds,batch_size,64,75.6300,5754,0.959960,5.811,1024,relu,2,triplet,0.3,0.07,2.0,50.0,0.5,0.001,10,semi-hard,64
1,birds,batch_size,128,77.0280,5826,0.971972,7.311,1024,relu,2,triplet,0.3,0.07,2.0,50.0,0.5,0.001,10,semi-hard,128
1,birds,batch_size,256,77.5975,5739,0.957457,9.200,1024,relu,2,triplet,0.3,0.07,2.0,50.0,0.5,0.001,10,semi-hard,256
1,birds,batch_size,512,79.5823,5748,0.958959,11.413,1024,relu,2,triplet,0.3,0.07,2.0,50.0,0.5,0.001,10,semi-hard,512
1,cars,proj_dim,256,62.6290,7822,0.960462,11.725,256,relu,2,triplet,0.3,0.07,2.0,50.0,0.5,0.001,10,semi-hard,256
1,cars,proj_dim,512,76.3711,7677,0.942657,12.414,512,relu,2,triplet,0.3,0.07,2.0,50.0,0.5,0.001,10,semi-hard,256
1,cars,proj_dim,1024,76.2716,7682,0.943271,12.974,1024,relu,2,triplet,0.3,0.07,2.0,50.0,0.5,0.001,10,semi-hard,256
1,cars,proj_dim,2048,73.0009,7701,0.945604,12.890,2048,relu,2,triplet,0.3,0.07,2.0,50.0,0.5,0.001,10,semi-hard,256
1,cars,nonlinearity,relu,75.3389,7689,0.944131,12.908,1024,relu,2,triplet,0.3,0.07,2.0,50.0,0.5,0.001,10,semi-hard,256
1,cars,nonlinearity,gelu,64.8676,7792,0.956778,12.223,1024,gelu,2,triplet,0.3,0.07,2.0,50.0,0.5,0.001,10,semi-hard,256
1,cars,nonlinearity,silu,61.0123,7835,0.962058,12.260,1024,silu,2,triplet,0.3,0.07,2.0,50.0,0.5,0.001,10,semi-hard,256
1,cars,nonlinearity,identity,61.6093,7823,0.960584,12.054,1024,identity,2,triplet,0.3,0.07,2.0,50.0,0.5,0.001,10,semi-hard,256
1,cars,layers,1,64.3452,7871,0.966478,12.145,1024,relu,1,triplet,0.3,0.07,2.0,50.0,0.5,0.001,10,semi-hard,256
1,cars,layers,2,76.3587,7676,0.942534,13.366,1024,relu,2,triplet,0.3,0.07,2.0,50.0,0.5,0.001,10,semi-hard,256
1,cars,layers,3,67.9269,7744,0.950884,13.067,1024,relu,3,triplet,0.3,0.07,2.0,50.0,0.5,0.001,10,semi-hard,256
1,cars,layers,4,65.5764,7745,0.951007,13.623,1024,relu,4,triplet,0.3,0.07,2.0,50.0,0.5,0.001,10,semi-hard,256
1,cars,loss_type,triplet,74.9036,7672,0.942043,13.187,1024,relu,2,triplet,0.3,0.07,2.0,50.0,0.5,0.001,10,semi-hard,256
1,cars,loss_type,infonce,87.3274,8004,0.982809,0.750,1024,relu,2,infonce,0.3,0.07,2.0,50.0,0.5,0.001,10,semi-hard,256
1,cars,loss_type,multisim,89.7650,8093,0.993738,18.905,1024,relu,2,multisim,0.3,0.07,2.0,50.0,0.5,0.001,10,semi-hard,256
1,cars,triplet_margin,0.1,56.8959,7836,0.962181,13.004,1024,relu,2,triplet,0.1,0.07,2.0,50.0,0.5,0.001,10,semi-hard,256
1,cars,triplet_margin,0.2,61.7585,7814,0.959479,12.101,1024,relu,2,triplet,0.2,0.07,2.0,50.0,0.5,0.001,10,semi-hard,256
1,cars,triplet_margin,0.3,74.3316,7682,0.943271,13.110,1024,relu,2,triplet,0.3,0.07,2.0,50.0,0.5,0.001,10,semi-hard,256
1,cars,triplet_margin,0.5,74.4435,7690,0.944253,12.935,1024,relu,2,triplet,0.5,0.07,2.0,50.0,0.5,0.001,10,semi-hard,256
1,cars,triplet_margin,1.0,73.8714,7698,0.945236,13.061,1024,relu,2,triplet,1.0,0.07,2.0,50.0,0.5,0.001,10,semi-hard,256
1,cars,infonce_temp,0.01,81.8555,7593,0.932343,0.844,1024,relu,2,infonce,0.3,0.01,2.0,50.0,0.5,0.001,10,semi-hard,256
1,cars,infonce_temp,0.05,86.1709,7966,0.978143,0.726,1024,relu,2,infonce,0.3,0.05,2.0,50.0,0.5,0.001,10,semi-hard,256
1,cars,infonce_temp,0.07,87.0041,8016,0.984283,0.758,1024,relu,2,infonce,0.3,0.07,2.0,50.0,0.5,0.001,10,semi-hard,256
1,cars,infonce_temp,0.1,86.5191,7944,0.975442,0.842,1024,relu,2,infonce,0.3,0.1,2.0,50.0,0.5,0.001,10,semi-hard,256
1,cars,infonce_temp,0.2,75.1150,7690,0.944253,0.851,1024,relu,2,infonce,0.3,0.2,2.0,50.0,0.5,0.001,10,semi-hard,256
1,cars,lr,0.0001,69.2824,7855,0.964514,12.686,1024,relu,2,triplet,0.3,0.07,2.0,50.0,0.5,0.0001,10,semi-hard,256
1,cars,lr,0.0005,76.1224,7675,0.942412,12.920,1024,relu,2,triplet,0.3,0.07,2.0,50.0,0.5,0.0005,10,semi-hard,256
1,cars,lr,0.001,74.0206,7706,0.946218,13.092,1024,relu,2,triplet,0.3,0.07,2.0,50.0,0.5,0.001,10,semi-hard,256
1,cars,lr,0.005,69.2949,7719,0.947814,12.653,1024,relu,2,triplet,0.3,0.07,2.0,50.0,0.5,0.005,10,semi-hard,256
1,cars,epochs,5,73.3366,7706,0.946218,6.422,1024,relu,2,triplet,0.3,0.07,2.0,50.0,0.5,0.001,5,semi-hard,256
1,cars,epochs,10,75.0777,7693,0.944622,12.940,1024,relu,2,triplet,0.3,0.07,2.0,50.0,0.5,0.001,10,semi-hard,256
1,cars,epochs,20,75.0902,7689,0.944131,26.553,1024,relu,2,triplet,0.3,0.07,2.0,50.0,0.5,0.001,20,semi-hard,256
1,cars,epochs,40,72.2671,7715,0.947323,50.934,1024,relu,2,triplet,0.3,0.07,2.0,50.0,0.5,0.001,40,semi-hard,256
1,cars,mining_strategy,semi-hard,73.6476,7717,0.947569,12.799,1024,relu,2,triplet,0.3,0.07,2.0,50.0,0.5,0.001,10,semi-hard,256
1,cars,mining_strategy,hard,87.3523,7912,0.971513,7.986,1024,relu,2,triplet,0.3,0.07,2.0,50.0,0.5,0.001,10,hard,256
1,cars,mining_strategy,all,74.5430,7748,0.951375,54.995,1024,relu,2,triplet,0.3,0.07,2.0,50.0,0.5,0.001,10,all,256
1,cars,batch_size,64,65.0914,7750,0.951621,8.639,1024,relu,2,triplet,0.3,0.07,2.0,50.0,0.5,0.001,10,semi-hard,64
1,cars,batch_size,128,68.5238,7737,0.950025,10.023,1024,relu,2,triplet,0.3,0.07,2.0,50.0,0.5,0.001,10,semi-hard,128
1,cars,batch_size,256,72.6402,7708,0.946464,12.839,1024,relu,2,triplet,0.3,0.07,2.0,50.0,0.5,0.001,10,semi-hard,256
1,cars,batch_size,512,77.3784,7687,0.943885,15.758,1024,relu,2,triplet,0.3,0.07,2.0,50.0,0.5,0.001,10,semi-hard,512
2,dogs,combo,"batch_size=512,mining_strategy=hard,infonce_temp=0.07",90.1632,11444,0.953667,14.081,1024,relu,2,triplet,0.3,0.07,2.0,50.0,0.5,0.001,10,hard,512
2,dogs,combo,"batch_size=512,mining_strategy=hard,infonce_temp=0.05",89.9301,11462,0.955167,13.736,1024,relu,2,triplet,0.3,0.05,2.0,50.0,0.5,0.001,10,hard,512
2,dogs,combo,"batch_size=512,mining_strategy=hard,infonce_temp=0.1",90.0350,11458,0.954833,13.640,1024,relu,2,triplet,0.3,0.1,2.0,50.0,0.5,0.001,10,hard,512
2,dogs,combo,"batch_size=512,mining_strategy=semi-hard,infonce_temp=0.07",86.4569,9876,0.823000,24.549,1024,relu,2,triplet,0.3,0.07,2.0,50.0,0.5,0.001,10,semi-hard,512
2,dogs,combo,"batch_size=512,mining_strategy=semi-hard,infonce_temp=0.05",86.5618,9871,0.822583,25.287,1024,relu,2,triplet,0.3,0.05,2.0,50.0,0.5,0.001,10,semi-hard,512
2,dogs,combo,"batch_size=512,mining_strategy=semi-hard,infonce_temp=0.1",86.8182,9867,0.822250,25.682,1024,relu,2,triplet,0.3,0.1,2.0,50.0,0.5,0.001,10,semi-hard,512
2,dogs,combo,"batch_size=256,mining_strategy=hard,infonce_temp=0.07",90.0466,11183,0.931917,13.534,1024,relu,2,triplet,0.3,0.07,2.0,50.0,0.5,0.001,10,hard,256
2,dogs,combo,"batch_size=256,mining_strategy=hard,infonce_temp=0.05",90.1981,11254,0.937833,13.356,1024,relu,2,triplet,0.3,0.05,2.0,50.0,0.5,0.001,10,hard,256
2,dogs,combo,"batch_size=256,mining_strategy=hard,infonce_temp=0.1",90.0466,11192,0.932667,13.299,1024,relu,2,triplet,0.3,0.1,2.0,50.0,0.5,0.001,10,hard,256
2,dogs,combo,"batch_size=256,mining_strategy=semi-hard,infonce_temp=0.07",85.7226,9872,0.822667,23.011,1024,relu,2,triplet,0.3,0.07,2.0,50.0,0.5,0.001,10,semi-hard,256
2,dogs,combo,"batch_size=256,mining_strategy=semi-hard,infonce_temp=0.05",85.3263,9866,0.822167,22.701,1024,relu,2,triplet,0.3,0.05,2.0,50.0,0.5,0.001,10,semi-hard,256
2,dogs,combo,"batch_size=256,mining_strategy=semi-hard,infonce_temp=0.1",85.5478,9852,0.821000,24.016,1024,relu,2,triplet,0.3,0.1,2.0,50.0,0.5,0.001,10,semi-hard,256
2,dogs,combo,"batch_size=128,mining_strategy=hard,infonce_temp=0.07",89.0210,10737,0.894750,13.577,1024,relu,2,triplet,0.3,0.07,2.0,50.0,0.5,0.001,10,hard,128
2,dogs,combo,"batch_size=128,mining_strategy=hard,infonce_temp=0.05",88.9744,10761,0.896750,14.665,1024,relu,2,triplet,0.3,0.05,2.0,50.0,0.5,0.001,10,hard,128
2,dogs,combo,"batch_size=128,mining_strategy=hard,infonce_temp=0.1",88.9627,10771,0.897583,13.120,1024,relu,2,triplet,0.3,0.1,2.0,50.0,0.5,0.001,10,hard,128
2,dogs,combo,"batch_size=128,mining_strategy=semi-hard,infonce_temp=0.07",83.2401,9914,0.826167,21.933,1024,relu,2,triplet,0.3,0.07,2.0,50.0,0.5,0.001,10,semi-hard,128
2,dogs,combo,"batch_size=128,mining_strategy=semi-hard,infonce_temp=0.05",82.6224,9899,0.824917,21.047,1024,relu,2,triplet,0.3,0.05,2.0,50.0,0.5,0.001,10,semi-hard,128
2,dogs,combo,"batch_size=128,mining_strategy=semi-hard,infonce_temp=0.1",83.3683,9904,0.825333,21.102,1024,relu,2,triplet,0.3,0.1,2.0,50.0,0.5,0.001,10,semi-hard,128
2,birds,combo,"loss_type=multisim,mining_strategy=hard,triplet_margin=1.0",90.6628,5864,0.978312,14.527,1024,relu,2,multisim,1.0,0.07,2.0,50.0,0.5,0.001,10,hard,256
2,birds,combo,"loss_type=multisim,mining_strategy=hard,triplet_margin=0.3",90.9389,5871,0.979479,15.012,1024,relu,2,multisim,0.3,0.07,2.0,50.0,0.5,0.001,10,hard,256
2,birds,combo,"loss_type=multisim,mining_strategy=hard,triplet_margin=0.2",90.6628,5851,0.976143,15.387,1024,relu,2,multisim,0.2,0.07,2.0,50.0,0.5,0.001,10,hard,256
2,birds,combo,"loss_type=multisim,mining_strategy=semi-hard,triplet_margin=1.0",90.3176,5861,0.977811,15.519,1024,relu,2,multisim,1.0,0.07,2.0,50.0,0.5,0.001,10,semi-hard,256
2,birds,combo,"loss_type=multisim,mining_strategy=semi-hard,triplet_margin=0.3",90.7491,5869,0.979146,14.558,1024,relu,2,multisim,0.3,0.07,2.0,50.0,0.5,0.001,10,semi-hard,256
2,birds,combo,"loss_type=multisim,mining_strategy=semi-hard,triplet_margin=0.2",90.2485,5864,0.978312,14.057,1024,relu,2,multisim,0.2,0.07,2.0,50.0,0.5,0.001,10,semi-hard,256
2,birds,combo,"loss_type=infonce,mining_strategy=hard,triplet_margin=1.0",89.8171,5935,0.990157,0.705,1024,relu,2,infonce,1.0,0.07,2.0,50.0,0.5,0.001,10,hard,256
2,birds,combo,"loss_type=infonce,mining_strategy=hard,triplet_margin=0.3",90.0932,5928,0.988989,0.665,1024,relu,2,infonce,0.3,0.07,2.0,50.0,0.5,0.001,10,hard,256
2,birds,combo,"loss_type=infonce,mining_strategy=hard,triplet_margin=0.2",89.7998,5916,0.986987,0.674,1024,relu,2,infonce,0.2,0.07,2.0,50.0,0.5,0.001,10,hard,256
2,birds,combo,"loss_type=infonce,mining_strategy=semi-hard,triplet_margin=1.0",89.4719,5937,0.990490,0.653,1024,relu,2,infonce,1.0,0.07,2.0,50.0,0.5,0.001,10,semi-hard,256
2,birds,combo,"loss_type=infonce,mining_strategy=semi-hard,triplet_margin=0.3",89.2130,5923,0.988155,0.646,1024,relu,2,infonce,0.3,0.07,2.0,50.0,0.5,0.001,10,semi-hard,256
2,birds,combo,"loss_type=infonce,mining_strategy=semi-hard,triplet_margin=0.2",89.8343,5926,0.988655,0.691,1024,relu,2,infonce,0.2,0.07,2.0,50.0,0.5,0.001,10,semi-hard,256
2,birds,combo,"loss_type=triplet,mining_strategy=hard,triplet_margin=1.0",89.2475,5802,0.967968,6.096,1024,relu,2,triplet,1.0,0.07,2.0,50.0,0.5,0.001,10,hard,256
2,birds,combo,"loss_type=triplet,mining_strategy=hard,triplet_margin=0.3",90.4902,5893,0.983150,6.529,1024,relu,2,triplet,0.3,0.07,2.0,50.0,0.5,0.001,10,hard,256
2,birds,combo,"loss_type=triplet,mining_strategy=hard,triplet_margin=0.2",89.9896,5912,0.986320,6.091,1024,relu,2,triplet,0.2,0.07,2.0,50.0,0.5,0.001,10,hard,256
2,birds,combo,"loss_type=triplet,mining_strategy=semi-hard,triplet_margin=1.0",85.2434,5837,0.973807,10.218,1024,relu,2,triplet,1.0,0.07,2.0,50.0,0.5,0.001,10,semi-hard,256
2,birds,combo,"loss_type=triplet,mining_strategy=semi-hard,triplet_margin=0.3",78.5640,5740,0.957624,9.917,1024,relu,2,triplet,0.3,0.07,2.0,50.0,0.5,0.001,10,semi-hard,256
2,birds,combo,"loss_type=triplet,mining_strategy=semi-hard,triplet_margin=0.2",79.8067,5865,0.978478,11.121,1024,relu,2,triplet,0.2,0.07,2.0,50.0,0.5,0.001,10,semi-hard,256
2,cars,combo,"triplet_margin=0.5,loss_type=multisim,nonlinearity=relu",89.8147,8089,0.993247,20.494,1024,relu,2,multisim,0.5,0.07,2.0,50.0,0.5,0.001,10,semi-hard,256
2,cars,combo,"triplet_margin=0.5,loss_type=multisim,nonlinearity=gelu",89.7152,8076,0.991650,19.702,1024,gelu,2,multisim,0.5,0.07,2.0,50.0,0.5,0.001,10,semi-hard,256
2,cars,combo,"triplet_margin=0.5,loss_type=multisim,nonlinearity=identity",88.6208,8128,0.998035,19.246,1024,identity,2,multisim,0.5,0.07,2.0,50.0,0.5,0.001,10,semi-hard,256
2,cars,combo,"triplet_margin=0.5,loss_type=infonce,nonlinearity=relu",86.7803,8011,0.983669,0.875,1024,relu,2,infonce,0.5,0.07,2.0,50.0,0.5,0.001,10,semi-hard,256
2,cars,combo,"triplet_margin=0.5,loss_type=infonce,nonlinearity=gelu",87.1533,8012,0.983792,0.793,1024,gelu,2,infonce,0.5,0.07,2.0,50.0,0.5,0.001,10,semi-hard,256
2,cars,combo,"triplet_margin=0.5,loss_type=infonce,nonlinearity=identity",84.6661,8044,0.987721,0.739,1024,identity,2,infonce,0.5,0.07,2.0,50.0,0.5,0.001,10,semi-hard,256
2,cars,combo,"triplet_margin=0.5,loss_type=triplet,nonlinearity=relu",76.1970,7702,0.945727,13.972,1024,relu,2,triplet,0.5,0.07,2.0,50.0,0.5,0.001,10,semi-hard,256
2,cars,combo,"triplet_margin=0.5,loss_type=triplet,nonlinearity=gelu",75.8115,7683,0.943394,13.957,1024,gelu,2,triplet,0.5,0.07,2.0,50.0,0.5,0.001,10,semi-hard,256
2,cars,combo,"triplet_margin=0.5,loss_type=triplet,nonlinearity=identity",74.6922,7691,0.944376,13.649,1024,identity,2,triplet,0.5,0.07,2.0,50.0,0.5,0.001,10,semi-hard,256
2,cars,combo,"triplet_margin=0.3,loss_type=multisim,nonlinearity=relu",89.9515,8090,0.993369,20.126,1024,relu,2,multisim,0.3,0.07,2.0,50.0,0.5,0.001,10,semi-hard,256
2,cars,combo,"triplet_margin=0.3,loss_type=multisim,nonlinearity=gelu",89.7525,8077,0.991773,19.755,1024,gelu,2,multisim,0.3,0.07,2.0,50.0,0.5,0.001,10,semi-hard,256
2,cars,combo,"triplet_margin=0.3,loss_type=multisim,nonlinearity=identity",89.0561,8131,0.998404,19.980,1024,identity,2,multisim,0.3,0.07,2.0,50.0,0.5,0.001,10,semi-hard,256
2,cars,combo,"triplet_margin=0.3,loss_type=infonce,nonlinearity=relu",87.0663,8023,0.985142,0.984,1024,relu,2,infonce,0.3,0.07,2.0,50.0,0.5,0.001,10,semi-hard,256
2,cars,combo,"triplet_margin=0.3,loss_type=infonce,nonlinearity=gelu",87.7254,8010,0.983546,0.837,1024,gelu,2,infonce,0.3,0.07,2.0,50.0,0.5,0.001,10,semi-hard,256
2,cars,combo,"triplet_margin=0.3,loss_type=infonce,nonlinearity=identity",85.2506,8023,0.985142,0.875,1024,identity,2,infonce,0.3,0.07,2.0,50.0,0.5,0.001,10,semi-hard,256
2,cars,combo,"triplet_margin=0.3,loss_type=triplet,nonlinearity=relu",76.3462,7671,0.941920,14.672,1024,relu,2,triplet,0.3,0.07,2.0,50.0,0.5,0.001,10,semi-hard,256
2,cars,combo,"triplet_margin=0.3,loss_type=triplet,nonlinearity=gelu",73.2993,7708,0.946464,14.277,1024,gelu,2,triplet,0.3,0.07,2.0,50.0,0.5,0.001,10,semi-hard,256
2,cars,combo,"triplet_margin=0.3,loss_type=triplet,nonlinearity=identity",59.7314,7834,0.961935,13.150,1024,identity,2,triplet,0.3,0.07,2.0,50.0,0.5,0.001,10,semi-hard,256
2,cars,combo,"triplet_margin=1.0,loss_type=multisim,nonlinearity=relu",89.8147,8095,0.993983,20.446,1024,relu,2,multisim,1.0,0.07,2.0,50.0,0.5,0.001,10,semi-hard,256
2,cars,combo,"triplet_margin=1.0,loss_type=multisim,nonlinearity=gelu",89.7774,8088,0.993124,20.379,1024,gelu,2,multisim,1.0,0.07,2.0,50.0,0.5,0.001,10,semi-hard,256
2,cars,combo,"triplet_margin=1.0,loss_type=multisim,nonlinearity=identity",89.0188,8129,0.998158,20.644,1024,identity,2,multisim,1.0,0.07,2.0,50.0,0.5,0.001,10,semi-hard,256
2,cars,combo,"triplet_margin=1.0,loss_type=infonce,nonlinearity=relu",87.0290,7985,0.980476,0.813,1024,relu,2,infonce,1.0,0.07,2.0,50.0,0.5,0.001,10,semi-hard,256
2,cars,combo,"triplet_margin=1.0,loss_type=infonce,nonlinearity=gelu",87.6508,8013,0.983915,0.766,1024,gelu,2,infonce,1.0,0.07,2.0,50.0,0.5,0.001,10,semi-hard,256
2,cars,combo,"triplet_margin=1.0,loss_type=infonce,nonlinearity=identity",84.7531,8020,0.984774,0.816,1024,identity,2,infonce,1.0,0.07,2.0,50.0,0.5,0.001,10,semi-hard,256
2,cars,combo,"triplet_margin=1.0,loss_type=triplet,nonlinearity=relu",75.2394,7679,0.942903,13.946,1024,relu,2,triplet,1.0,0.07,2.0,50.0,0.5,0.001,10,semi-hard,256
2,cars,combo,"triplet_margin=1.0,loss_type=triplet,nonlinearity=gelu",73.5605,7708,0.946464,14.392,1024,gelu,2,triplet,1.0,0.07,2.0,50.0,0.5,0.001,10,semi-hard,256
2,cars,combo,"triplet_margin=1.0,loss_type=triplet,nonlinearity=identity",73.1999,7724,0.948428,13.680,1024,identity,2,triplet,1.0,0.07,2.0,50.0,0.5,0.001,10,semi-hard,256
2,aircraft,combo,"loss_type=infonce,mining_strategy=hard,infonce_temp=0.1",68.8869,3243,0.972705,0.403,1024,relu,2,infonce,0.3,0.1,2.0,50.0,0.5,0.001,10,hard,256
2,aircraft,combo,"loss_type=infonce,mining_strategy=hard,infonce_temp=0.05",67.7468,3234,0.970006,0.409,1024,relu,2,infonce,0.3,0.05,2.0,50.0,0.5,0.001,10,hard,256
2,aircraft,combo,"loss_type=infonce,mining_strategy=hard,infonce_temp=0.07",68.8869,3247,0.973905,0.367,1024,relu,2,infonce,0.3,0.07,2.0,50.0,0.5,0.001,10,hard,256
2,aircraft,combo,"loss_type=infonce,mining_strategy=semi-hard,infonce_temp=0.1",72.1872,3262,0.978404,0.409,1024,relu,2,infonce,0.3,0.1,2.0,50.0,0.5,0.001,10,semi-hard,256
2,aircraft,combo,"loss_type=infonce,mining_strategy=semi-hard,infonce_temp=0.05",66.9067,3212,0.963407,0.398,1024,relu,2,infonce,0.3,0.05,2.0,50.0,0.5,0.001,10,semi-hard,256
2,aircraft,combo,"loss_type=infonce,mining_strategy=semi-hard,infonce_temp=0.07",67.9268,3237,0.970906,0.378,1024,relu,2,infonce,0.3,0.07,2.0,50.0,0.5,0.001,10,semi-hard,256
2,aircraft,combo,"loss_type=multisim,mining_strategy=hard,infonce_temp=0.1",72.8473,3309,0.992501,10.255,1024,relu,2,multisim,0.3,0.1,2.0,50.0,0.5,0.001,10,hard,256
2,aircraft,combo,"loss_type=multisim,mining_strategy=hard,infonce_temp=0.05",69.4869,3303,0.990702,9.874,1024,relu,2,multisim,0.3,0.05,2.0,50.0,0.5,0.001,10,hard,256
2,aircraft,combo,"loss_type=multisim,mining_strategy=hard,infonce_temp=0.07",67.4767,3297,0.988902,9.927,1024,relu,2,multisim,0.3,0.07,2.0,50.0,0.5,0.001,10,hard,256
2,aircraft,combo,"loss_type=multisim,mining_strategy=semi-hard,infonce_temp=0.1",72.0072,3306,0.991602,9.924,1024,relu,2,multisim,0.3,0.1,2.0,50.0,0.5,0.001,10,semi-hard,256
2,aircraft,combo,"loss_type=multisim,mining_strategy=semi-hard,infonce_temp=0.05",72.8473,3311,0.993101,10.276,1024,relu,2,multisim,0.3,0.05,2.0,50.0,0.5,0.001,10,semi-hard,256
2,aircraft,combo,"loss_type=multisim,mining_strategy=semi-hard,infonce_temp=0.07",72.2472,3312,0.993401,10.205,1024,relu,2,multisim,0.3,0.07,2.0,50.0,0.5,0.001,10,semi-hard,256
2,aircraft,combo,"loss_type=triplet,mining_strategy=hard,infonce_temp=0.1",61.2661,3224,0.967007,3.996,1024,relu,2,triplet,0.3,0.1,2.0,50.0,0.5,0.001,10,hard,256
2,aircraft,combo,"loss_type=triplet,mining_strategy=hard,infonce_temp=0.05",58.8659,3231,0.969106,4.021,1024,relu,2,triplet,0.3,0.05,2.0,50.0,0.5,0.001,10,hard,256
2,aircraft,combo,"loss_type=triplet,mining_strategy=hard,infonce_temp=0.07",58.7759,3222,0.966407,4.075,1024,relu,2,triplet,0.3,0.07,2.0,50.0,0.5,0.001,10,hard,256
2,aircraft,combo,"loss_type=triplet,mining_strategy=semi-hard,infonce_temp=0.1",38.3438,3276,0.982603,6.641,1024,relu,2,triplet,0.3,0.1,2.0,50.0,0.5,0.001,10,semi-hard,256
2,aircraft,combo,"loss_type=triplet,mining_strategy=semi-hard,infonce_temp=0.05",36.2436,3260,0.977804,6.644,1024,relu,2,triplet,0.3,0.05,2.0,50.0,0.5,0.001,10,semi-hard,256
2,aircraft,combo,"loss_type=triplet,mining_strategy=semi-hard,infonce_temp=0.07",38.1638,3265,0.979304,6.709,1024,relu,2,triplet,0.3,0.07,2.0,50.0,0.5,0.001,10,semi-hard,256
3,dogs,eval_domain,dogs,89.9534,11215,0.934583,13.982,1024,relu,2,triplet,0.3,0.05,2.0,50.0,0.5,0.001,10,hard,256
3,dogs,eval_domain,birds,76.2168,5955,0.993493,13.982,1024,relu,2,triplet,0.3,0.05,2.0,50.0,0.5,0.001,10,hard,256
3,dogs,eval_domain,cars,58.8235,8085,0.992755,13.982,1024,relu,2,triplet,0.3,0.05,2.0,50.0,0.5,0.001,10,hard,256
3,dogs,eval_domain,aircraft,31.6532,3294,0.988002,13.982,1024,relu,2,triplet,0.3,0.05,2.0,50.0,0.5,0.001,10,hard,256
3,birds,eval_domain,dogs,82.7506,11928,0.994000,14.075,1024,relu,2,multisim,0.3,0.07,2.0,50.0,0.5,0.001,10,hard,256
3,birds,eval_domain,birds,90.7663,5849,0.975809,14.075,1024,relu,2,multisim,0.3,0.07,2.0,50.0,0.5,0.001,10,hard,256
3,birds,eval_domain,cars,61.3730,8067,0.990545,14.075,1024,relu,2,multisim,0.3,0.07,2.0,50.0,0.5,0.001,10,hard,256
3,birds,eval_domain,aircraft,34.2934,3296,0.988602,14.075,1024,relu,2,multisim,0.3,0.07,2.0,50.0,0.5,0.001,10,hard,256
3,cars,eval_domain,dogs,81.8415,11922,0.993500,18.820,1024,relu,2,multisim,0.3,0.07,2.0,50.0,0.5,0.001,10,semi-hard,256
3,cars,eval_domain,birds,77.2351,5932,0.989656,18.820,1024,relu,2,multisim,0.3,0.07,2.0,50.0,0.5,0.001,10,semi-hard,256
3,cars,eval_domain,cars,89.8271,8090,0.993369,18.820,1024,relu,2,multisim,0.3,0.07,2.0,50.0,0.5,0.001,10,semi-hard,256
3,cars,eval_domain,aircraft,33.5134,3290,0.986803,18.820,1024,relu,2,multisim,0.3,0.07,2.0,50.0,0.5,0.001,10,semi-hard,256
3,aircraft,eval_domain,dogs,82.3776,11924,0.993667,9.028,1024,relu,2,multisim,0.3,0.1,2.0,50.0,0.5,0.001,10,hard,256
3,aircraft,eval_domain,birds,78.0980,5920,0.987654,9.028,1024,relu,2,multisim,0.3,0.1,2.0,50.0,0.5,0.001,10,hard,256
3,aircraft,eval_domain,cars,60.4651,8064,0.990177,9.028,1024,relu,2,multisim,0.3,0.1,2.0,50.0,0.5,0.001,10,hard,256
3,aircraft,eval_domain,aircraft,65.6466,3283,0.984703,9.028,1024,relu,2,multisim,0.3,0.1,2.0,50.0,0.5,0.001,10,hard,256
